topic,term,weight
000,martian,0.012308432
000,people,0.007995105
000,house,0.005947703
000,black,0.005939196
000,time,0.0058547356
000,road,0.0056383144
000,thing,0.005399512
000,stand,0.005232213
000,pit,0.004880104
000,brother,0.0044838926
001,thou,0.44513163
001,thy,0.13558617
001,rom,0.13241126
001,nurse,0.091377325
001,love,0.09092529
001,you,0.053859286
001,romeo,0.050709035
